SECTION	POST_ID	POST_TYPE	TITLE_OR_FIELD	URL
CONTENT	2283	post	Who can own property in Turkey	/property/
CONTENT	2283	post	Who can own property in Turkey	/contact/
CONTENT	3043	post	Buying in Turkey &#8211; step by step	https://www.peraproperty.com/new-payment-rules-for-buyers_35867/
CONTENT	3043	post	Buying in Turkey &#8211; step by step	/contact/
CONTENT	3043	post	Buying in Turkey &#8211; step by step	/property/
CONTENT	3043	post	Buying in Turkey &#8211; step by step	https://www.peraproperty.com/book-a-consultancy/
CONTENT	3098	post	Closing Costs When Buying Property in Turkey (2026 Guide)	/property/
CONTENT	3098	post	Closing Costs When Buying Property in Turkey (2026 Guide)	/contact-us/
CONTENT	3174	post	Visas and residency for Turkey	/citizenship-by-investment/
CONTENT	3174	post	Visas and residency for Turkey	/contact/
CONTENT	3178	post	Taxes in Turkey for Property Owners (2026 Guide)	/expenses-and-costs-when-buying-property-in-turkey/
CONTENT	3178	post	Taxes in Turkey for Property Owners (2026 Guide)	/contact-us/
CONTENT	6262	post	Bosphorus sea view apartments and villas in Istanbul	https://www.peraproperty.com/property-for-sale-in-istanbul-the-complete-2026-buyers-guide_58742/
CONTENT	6262	post	Bosphorus sea view apartments and villas in Istanbul	https://www.peraproperty.com/luxury-property-in-istanbul-the-complete-guide-to-prime-real-estate_59250/
CONTENT	6262	post	Bosphorus sea view apartments and villas in Istanbul	https://www.peraproperty.com/besiktas-from-bronze-age-to-ottoman-palaces_51249/
CONTENT	6262	post	Bosphorus sea view apartments and villas in Istanbul	https://www.peraproperty.com/buying-property-in-sariyer-istanbul-explore-coastal-charm_50776/
CONTENT	6262	post	Bosphorus sea view apartments and villas in Istanbul	https://www.peraproperty.com/a-regional-guide-to-uskudar_51808/
CONTENT	6262	post	Bosphorus sea view apartments and villas in Istanbul	https://www.peraproperty.com/kuzguncuk-istanbuls-historic-gem-on-the-bosphorus_52111/
CONTENT	6262	post	Bosphorus sea view apartments and villas in Istanbul	https://www.peraproperty.com/regional-guide-beykoz-istanbuls-coastal-gem-of-modern-infrastructure-and-rich-history_52902/
CONTENT	6262	post	Bosphorus sea view apartments and villas in Istanbul	https://www.peraproperty.com/buying-in-turkey-step-by-step_3043/
CONTENT	6262	post	Bosphorus sea view apartments and villas in Istanbul	https://www.peraproperty.com/title-deed-tapu-process-in-turkey-a-guide-for-buyers_53539/
CONTENT	6262	post	Bosphorus sea view apartments and villas in Istanbul	https://www.peraproperty.com/how-to-rent-out-property-in-istanbul-2026-landlord-guide_58969/
CONTENT	6262	post	Bosphorus sea view apartments and villas in Istanbul	https://www.peraproperty.com/rental-income-and-tax-in-turkey_28028/
CONTENT	6262	post	Bosphorus sea view apartments and villas in Istanbul	https://www.peraproperty.com/fifteen-things-to-know-before-buying-property-in-istanbul_54601/
CONTENT	6262	post	Bosphorus sea view apartments and villas in Istanbul	https://www.peraproperty.com/taxes-expenses-and-costs-when-buying_3098/
CONTENT	6262	post	Bosphorus sea view apartments and villas in Istanbul	https://www.peraproperty.com/turkish-citizenship-property-requirements-in-2026_59330/
CONTENT	6262	post	Bosphorus sea view apartments and villas in Istanbul	https://www.peraproperty.com/turkish-citizenship-valuation-report-what-buyers-need-to-know_59338/
CONTENT	6277	post	Media Highway Commercial district	https://peraproperty.com/sale/affordable-homes-close-in-rising-central-istanbul-district-130.html
CONTENT	6277	post	Media Highway Commercial district	https://peraproperty.com/search_result.php?region=Media%20Highway&amp;lang=en
CONTENT	6286	post	Media Highway Will Be Istanbul’s CBD &#8211; An Updated 2025 Guide	https://www.peraproperty.com/region/media_highway-istanbul-property-for-sale/
CONTENT	6286	post	Media Highway Will Be Istanbul’s CBD &#8211; An Updated 2025 Guide	https://www.peraproperty.com/book-a-consultancy/
CONTENT	6286	post	Media Highway Will Be Istanbul’s CBD &#8211; An Updated 2025 Guide	https://www.peraproperty.com/contact/
CONTENT	6290	post	$250,000 for a Turkish passport	https://www.peraproperty.com/citizenship/
CONTENT	6292	post	Turkish citizenship by real estate investment	https://www.peraproperty.com/citizenship/
CONTENT	6300	post	Istanbul metro lines opening in 2020	https://peraproperty.com/list-detail.php?id=67
CONTENT	6313	post	Bomonti: Istanbul’s Trendy Hub for Luxury Living and Investment	/district/sisli/
CONTENT	6313	post	Bomonti: Istanbul’s Trendy Hub for Luxury Living and Investment	/contact-us/
CONTENT	6313	post	Bomonti: Istanbul’s Trendy Hub for Luxury Living and Investment	/book-a-consultancy/
CONTENT	6318	post	The legend of Hezarfen	/contact-us/
CONTENT	6318	post	The legend of Hezarfen	/property/
CONTENT	6318	post	The legend of Hezarfen	https://www.peraproperty.com/a-regional-guide-to-beyoglu-istanbul_51183/
CONTENT	6318	post	The legend of Hezarfen	https://www.peraproperty.com/a-regional-guide-to-uskudar_51808/
CONTENT	6320	post	Balat: Istanbul’s Colorful Heritage District on the Golden Horn	https://www.peraproperty.com/property-location/fatih/
CONTENT	6320	post	Balat: Istanbul’s Colorful Heritage District on the Golden Horn	/contact-us/
CONTENT	6320	post	Balat: Istanbul’s Colorful Heritage District on the Golden Horn	/property/
CONTENT	23350	post	Guide to Istanbul’s Asian Side: Lifestyle, Infrastructure, Property &#038; Investment in 2026	/contact-us/
CONTENT	23350	post	Guide to Istanbul’s Asian Side: Lifestyle, Infrastructure, Property &#038; Investment in 2026	/property/
CONTENT	28295	post	Istanbul&#8217;s most expensive areas for real estate	https://www.peraproperty.com/the-6-wealthiest-districts-of-istanbul-in-2024_50466/
CONTENT	37198	post	West Istanbul Marina Guide | Luxury Marina &#038; Coastal Living in Beylikdüzü	/district/istanbul/beylikduzu/
CONTENT	37198	post	West Istanbul Marina Guide | Luxury Marina &#038; Coastal Living in Beylikdüzü	/contact/
CONTENT	37606	post	Citizenship is now $400,000	/citizenship-by-investment/
CONTENT	37606	post	Citizenship is now $400,000	/turkish-citizenship-properties/
CONTENT	39591	post	2022 Istanbul investment guide	https://www.peraproperty.com/gokturk-and-kemerburgaz-whats-the-fuss_37863/
CONTENT	40784	post	Nisantasi&#8217;s historical buildings	https://www.peraproperty.com/district/istanbul/besiktas/
CONTENT	40784	post	Nisantasi&#8217;s historical buildings	https://www.peraproperty.com/property/
CONTENT	40871	post	Beyoglu&#8217;s historical buildings	https://www.peraproperty.com/district/istanbul/beyoglu/
CONTENT	40871	post	Beyoglu&#8217;s historical buildings	https://www.peraproperty.com/district/istanbul/besiktas/
CONTENT	40871	post	Beyoglu&#8217;s historical buildings	https://www.peraproperty.com/district/istanbul/sisli/
CONTENT	40871	post	Beyoglu&#8217;s historical buildings	https://www.peraproperty.com/district/istanbul/kagithane/
CONTENT	40871	post	Beyoglu&#8217;s historical buildings	https://www.peraproperty.com/contact-us/
CONTENT	43127	post	Küçükçekmece: A Growing Hub for Investment and Lakeside Living	/contact/
CONTENT	43127	post	Küçükçekmece: A Growing Hub for Investment and Lakeside Living	/property-for-sale-in-istanbul/
CONTENT	43621	post	2023 Istanbul investment guide	https://www.peraproperty.com/istanbul-real-estate-statistics-2022/
CONTENT	43621	post	2023 Istanbul investment guide	https://www.peraproperty.com/gokturk-and-kemerburgaz-whats-the-fuss_37863/
CONTENT	44846	post	Istanbul&#8217;s Financial District Opens: A New Era of Finance and Urban Development	https://www.peraproperty.com/district/istanbul/atasehir/
CONTENT	44846	post	Istanbul&#8217;s Financial District Opens: A New Era of Finance and Urban Development	https://www.peraproperty.com/district/istanbul/umraniye/
CONTENT	45265	post	Çengelköy: A Bosphorus Village Turning Into One of Istanbul’s Most Valuable Residential Zones	https://www.peraproperty.com/istanbuls-new-financial-district-is-coming-to-atasehir_6306/
CONTENT	45265	post	Çengelköy: A Bosphorus Village Turning Into One of Istanbul’s Most Valuable Residential Zones	https://www.peraproperty.com/?s=cengelkoy&amp;post_type=property
CONTENT	45265	post	Çengelköy: A Bosphorus Village Turning Into One of Istanbul’s Most Valuable Residential Zones	/contact-us
CONTENT	46854	page	Investment apartments in Besiktas	https://www.peraproperty.com/besiktas-whats-all-the-fuss-about_45733/
CONTENT	46854	page	Investment apartments in Besiktas	https://www.peraproperty.com/district/besiktas/
CONTENT	46854	page	Investment apartments in Besiktas	https://www.peraproperty.com/region/city_centre-istanbul-property-for-sale/
CONTENT	46854	page	Investment apartments in Besiktas	https://www.peraproperty.com/taxes-expenses-and-costs-when-buying_3098/
CONTENT	47209	post	Buyukcekmece: Retirement haven	https://www.peraproperty.com/marmara-sea-view-apartments-in-istanbul_6267/
CONTENT	48806	post	Urban Transformation in Istanbul	/property/
CONTENT	48806	post	Urban Transformation in Istanbul	/contact/
CONTENT	49220	post	Airbnb Property Management in Istanbul	https://www.peraproperty.com/contact-us/
CONTENT	49220	post	Airbnb Property Management in Istanbul	https://www.peraproperty.com/property/
CONTENT	50089	post	The Best Neighborhoods to Live in Istanbul for First-Time Movers	/district/istanbul/kucukcekmece/
CONTENT	50089	post	The Best Neighborhoods to Live in Istanbul for First-Time Movers	https://www.peraproperty.com/besiktas-whats-all-the-fuss-about_45733/
CONTENT	50089	post	The Best Neighborhoods to Live in Istanbul for First-Time Movers	/district/istanbul/besiktas/
CONTENT	50089	post	The Best Neighborhoods to Live in Istanbul for First-Time Movers	https://www.peraproperty.com/kagithane-investment-zone_6279/
CONTENT	50089	post	The Best Neighborhoods to Live in Istanbul for First-Time Movers	/district/istanbul/kagithane/
CONTENT	50089	post	The Best Neighborhoods to Live in Istanbul for First-Time Movers	https://www.peraproperty.com/golden-horn-regeneration-zone_6269/
CONTENT	50089	post	The Best Neighborhoods to Live in Istanbul for First-Time Movers	/district/istanbul/eyup/
CONTENT	50089	post	The Best Neighborhoods to Live in Istanbul for First-Time Movers	https://www.peraproperty.com/a-guide-to-cengelkoy-2_45265/
CONTENT	50089	post	The Best Neighborhoods to Live in Istanbul for First-Time Movers	/district/istanbul/uskudar/
CONTENT	50089	post	The Best Neighborhoods to Live in Istanbul for First-Time Movers	/property/
CONTENT	50089	post	The Best Neighborhoods to Live in Istanbul for First-Time Movers	/contact-us/
CONTENT	50455	post	Exploring five famous locations used in Turkish Dramas	https://www.peraproperty.com/district/istanbul/beyoglu/
CONTENT	50455	post	Exploring five famous locations used in Turkish Dramas	https://www.peraproperty.com/district/istanbul/besiktas/
CONTENT	50455	post	Exploring five famous locations used in Turkish Dramas	https://www.peraproperty.com/district/istanbul/uskudar/
CONTENT	50455	post	Exploring five famous locations used in Turkish Dramas	https://www.peraproperty.com/a-guide-to-cengelkoy-2_45265/
CONTENT	50455	post	Exploring five famous locations used in Turkish Dramas	https://www.peraproperty.com/district/istanbul/sariyer/
CONTENT	50466	post	The 6 Wealthiest Districts of Istanbul	/property_tags/istanbul-luxury-property-for-sale/
CONTENT	50466	post	The 6 Wealthiest Districts of Istanbul	/contact-us/
CONTENT	50466	post	The 6 Wealthiest Districts of Istanbul	/book-a-consultancy/
CONTENT	50466	post	The 6 Wealthiest Districts of Istanbul	https://www.peraproperty.com/book-a-consultancy/
CONTENT	50466	post	The 6 Wealthiest Districts of Istanbul	/contact/
CONTENT	50466	post	The 6 Wealthiest Districts of Istanbul	/property/
CONTENT	50776	post	Sarıyer: Explore Coastal Charm	/istanbul-luxury-property/
CONTENT	50776	post	Sarıyer: Explore Coastal Charm	/property_tags/istanbul-luxury-property-for-sale/
CONTENT	51249	post	Besiktas, from bronze age to Ottoman palaces	https://www.peraproperty.com/book-a-consultancy/
CONTENT	51249	post	Besiktas, from bronze age to Ottoman palaces	/contact/
CONTENT	51249	post	Besiktas, from bronze age to Ottoman palaces	/district/besiktas/
CONTENT	51392	post	Sisli: The Heart of Modern Istanbul	https://www.peraproperty.com/district/istanbul/beyoglu/
CONTENT	51392	post	Sisli: The Heart of Modern Istanbul	https://www.peraproperty.com/district/istanbul/besiktas/
CONTENT	51392	post	Sisli: The Heart of Modern Istanbul	https://www.peraproperty.com/district/istanbul/kagithane/
CONTENT	51392	post	Sisli: The Heart of Modern Istanbul	https://www.peraproperty.com/district/istanbul/sariyer/
CONTENT	51392	post	Sisli: The Heart of Modern Istanbul	https://www.peraproperty.com/book-a-consultancy/
CONTENT	51392	post	Sisli: The Heart of Modern Istanbul	/contact/
CONTENT	51392	post	Sisli: The Heart of Modern Istanbul	https://www.peraproperty.com/district/istanbul/sisli/
CONTENT	51808	post	Uskudar: Istanbul’s Historic and Scenic Gateway to the Bosphorus	https://www.peraproperty.com/book-a-consultancy/
CONTENT	51808	post	Uskudar: Istanbul’s Historic and Scenic Gateway to the Bosphorus	/contact/
CONTENT	51808	post	Uskudar: Istanbul’s Historic and Scenic Gateway to the Bosphorus	/district/uskudar/
CONTENT	52062	post	Property taxes in Turkey &#8211; updated for 2026	https://www.peraproperty.com/book-a-consultancy/
CONTENT	52062	post	Property taxes in Turkey &#8211; updated for 2026	/contact-us/
CONTENT	52062	post	Property taxes in Turkey &#8211; updated for 2026	/property/
CONTENT	52066	post	Kağıthane: Istanbul’s Rising Star for Investment and Modern Living	/district/kagithane/
CONTENT	52066	post	Kağıthane: Istanbul’s Rising Star for Investment and Modern Living	/property-for-sale-in-istanbul/
CONTENT	52090	post	Eyup: A Blend of History and Modernity in Istanbul	/district/eyup/
CONTENT	52090	post	Eyup: A Blend of History and Modernity in Istanbul	/book-a-consultancy/
CONTENT	52090	post	Eyup: A Blend of History and Modernity in Istanbul	/property/
CONTENT	52111	post	Kuzguncuk: Istanbul&#8217;s Historic Gem on the Bosphorus	/district/istanbul/uskudar/#results
CONTENT	52111	post	Kuzguncuk: Istanbul&#8217;s Historic Gem on the Bosphorus	/property_tags/istanbul-bosphorous-view-property-for-sale/
CONTENT	52111	post	Kuzguncuk: Istanbul&#8217;s Historic Gem on the Bosphorus	/buyer-guide/
CONTENT	52475	post	Top 5 Neighborhoods for Real Estate Investment in Istanbul in 2025	https://www.peraproperty.com/citizenship-by-investment/
CONTENT	52475	post	Top 5 Neighborhoods for Real Estate Investment in Istanbul in 2025	https://www.peraproperty.com/property/
CONTENT	52475	post	Top 5 Neighborhoods for Real Estate Investment in Istanbul in 2025	https://www.peraproperty.com/turkish-citizenship-properties/
CONTENT	52475	post	Top 5 Neighborhoods for Real Estate Investment in Istanbul in 2025	https://www.peraproperty.com/district/kagithane/
CONTENT	52475	post	Top 5 Neighborhoods for Real Estate Investment in Istanbul in 2025	https://www.peraproperty.com/besiktas-whats-all-the-fuss-about_45733/
CONTENT	52475	post	Top 5 Neighborhoods for Real Estate Investment in Istanbul in 2025	https://www.peraproperty.com/contact/
CONTENT	52475	post	Top 5 Neighborhoods for Real Estate Investment in Istanbul in 2025	https://www.peraproperty.com/sisli-a-brief-guide-for-tourists-and-investors_45833/
CONTENT	52475	post	Top 5 Neighborhoods for Real Estate Investment in Istanbul in 2025	https://www.peraproperty.com/istanbuls-new-financial-district-is-coming-to-atasehir_6306/
CONTENT	52489	post	2025 Economic Trends in Istanbul&#8217;s Real Estate Market	/contact-us/
CONTENT	52489	post	2025 Economic Trends in Istanbul&#8217;s Real Estate Market	/property/
CONTENT	52505	post	Zekeriyakoy: A Green Haven in Istanbul’s Sarıyer District	/district/sariyer/
CONTENT	52505	post	Zekeriyakoy: A Green Haven in Istanbul’s Sarıyer District	/book-a-consultancy/
CONTENT	52505	post	Zekeriyakoy: A Green Haven in Istanbul’s Sarıyer District	/contact-us/
CONTENT	52516	post	Istanbul&#8217;s five best Villa Communities	https://www.peraproperty.com/district/beykoz/
CONTENT	52516	post	Istanbul&#8217;s five best Villa Communities	https://www.peraproperty.com/district/cekmekoy/
CONTENT	52516	post	Istanbul&#8217;s five best Villa Communities	https://www.peraproperty.com/district/buyukcekmece/
CONTENT	52516	post	Istanbul&#8217;s five best Villa Communities	https://www.peraproperty.com/a-guide-to-buyukcekmece_47209/
CONTENT	52516	post	Istanbul&#8217;s five best Villa Communities	https://www.peraproperty.com/district/beylikduzu/
CONTENT	52516	post	Istanbul&#8217;s five best Villa Communities	https://www.peraproperty.com/district/sariyer/
CONTENT	52516	post	Istanbul&#8217;s five best Villa Communities	/property_tags/villas-for-sale-in-istanbul/
CONTENT	52516	post	Istanbul&#8217;s five best Villa Communities	https://www.peraproperty.com/contact-us/
CONTENT	52902	post	Beykoz – Istanbul’s Coastal Gem	/district/beykoz/
CONTENT	52902	post	Beykoz – Istanbul’s Coastal Gem	/book-a-consultancy/
CONTENT	52902	post	Beykoz – Istanbul’s Coastal Gem	/contact-us/
CONTENT	52906	post	Cekmekoy – Istanbul&#8217;s Tranquil Haven of Nature and Gated Communities	/district/cekmekoy/
CONTENT	52906	post	Cekmekoy – Istanbul&#8217;s Tranquil Haven of Nature and Gated Communities	/book-a-consultancy/
CONTENT	52906	post	Cekmekoy – Istanbul&#8217;s Tranquil Haven of Nature and Gated Communities	/contact-us/
CONTENT	52963	post	Pera Property is bringing exclusive Istanbul real estate opportunities to Dubai!	https://www.peraproperty.com/meet-pera-in-dubai/
CONTENT	52963	post	Pera Property is bringing exclusive Istanbul real estate opportunities to Dubai!	https://www.peraproperty.com/citizenship-by-investment/
CONTENT	53378	post	The Rise of Maintenance Fees in Istanbul	/property-for-sale-in-istanbul/
CONTENT	53378	post	The Rise of Maintenance Fees in Istanbul	/contact-us/
CONTENT	53388	post	Ataşehir Istanbul Area Guide: Property, Lifestyle &#038; Investment	/district/istanbul/atasehir/
CONTENT	53388	post	Ataşehir Istanbul Area Guide: Property, Lifestyle &#038; Investment	/contact-us/
CONTENT	53539	post	Title Deed (Tapu) Process in Turkey: A Guide for Buyers	https://www.peraproperty.com/understanding-power-of-attorney-when-buying-property-in-turkey_53794/
CONTENT	53539	post	Title Deed (Tapu) Process in Turkey: A Guide for Buyers	https://www.peraproperty.com/new-payment-rules-for-buyers_35867/
CONTENT	53539	post	Title Deed (Tapu) Process in Turkey: A Guide for Buyers	/turkish-citizenship-by-investment/
CONTENT	53539	post	Title Deed (Tapu) Process in Turkey: A Guide for Buyers	/taxes-expenses-and-costs-when-buying_3098/
CONTENT	53794	post	Power of Attorney in Turkey: A Guide for Foreign Property Buyers	/property/
CONTENT	53794	post	Power of Attorney in Turkey: A Guide for Foreign Property Buyers	/contact/
CONTENT	54691	post	Bakirkoy: Istanbul’s Coastal Residential Hub with Established Prestige	/district/bakirkoy/
CONTENT	54691	post	Bakirkoy: Istanbul’s Coastal Residential Hub with Established Prestige	/property-for-sale-in-istanbul/
CONTENT	55334	post	Riva: Istanbul’s Untamed North Where Forest Meets the Sea	/property/
CONTENT	55334	post	Riva: Istanbul’s Untamed North Where Forest Meets the Sea	/district/istanbul/beykoz/
CONTENT	55334	post	Riva: Istanbul’s Untamed North Where Forest Meets the Sea	/property_tags/istanbul-luxury-property-for-sale/
CONTENT	55334	post	Riva: Istanbul’s Untamed North Where Forest Meets the Sea	/contact/
CONTENT	55334	post	Riva: Istanbul’s Untamed North Where Forest Meets the Sea	/Beykoz/
CONTENT	55334	post	Riva: Istanbul’s Untamed North Where Forest Meets the Sea	/book-a-consultancy/
CONTENT	55623	page	Privacy policy	https://www.peraproperty.com/
CONTENT	58564	post	Fatih: Istanbul’s Historic Centre and Property Market Guide	https://www.peraproperty.com/a-guide-to-balat-2_6320/
CONTENT	58564	post	Fatih: Istanbul’s Historic Centre and Property Market Guide	https://www.peraproperty.com/golden-horn-regeneration-zone_6269/
CONTENT	58564	post	Fatih: Istanbul’s Historic Centre and Property Market Guide	https://www.peraproperty.com/book-a-consultancy/
CONTENT	58564	post	Fatih: Istanbul’s Historic Centre and Property Market Guide	/contact/
CONTENT	58564	post	Fatih: Istanbul’s Historic Centre and Property Market Guide	/district/istanbul/fatih/
CONTENT	58576	post	Bahçelievler: Istanbul’s Practical Residential Hub Undergoing Transformation	/district/bahcelievler/
CONTENT	58576	post	Bahçelievler: Istanbul’s Practical Residential Hub Undergoing Transformation	/property-for-sale-in-istanbul/
CONTENT	58617	post	Istanbul Property Market in February 2026: Best Districts for Price Growth and Yield	/district/istanbul/besiktas/
CONTENT	58617	post	Istanbul Property Market in February 2026: Best Districts for Price Growth and Yield	/district/istanbul/sariyer/
CONTENT	58617	post	Istanbul Property Market in February 2026: Best Districts for Price Growth and Yield	/district/istanbul/kadikoy/
CONTENT	58617	post	Istanbul Property Market in February 2026: Best Districts for Price Growth and Yield	/district/istanbul/eyupsultan/
CONTENT	58617	post	Istanbul Property Market in February 2026: Best Districts for Price Growth and Yield	/district/istanbul/kagithane/
CONTENT	58617	post	Istanbul Property Market in February 2026: Best Districts for Price Growth and Yield	/district/istanbul/kucukcekmece/
CONTENT	58617	post	Istanbul Property Market in February 2026: Best Districts for Price Growth and Yield	/district/istanbul/zeytinburnu/
CONTENT	58617	post	Istanbul Property Market in February 2026: Best Districts for Price Growth and Yield	/district/istanbul/uskudar/
CONTENT	58703	post	Maltepe: Coastal Living on Istanbul’s Asian Side	https://www.peraproperty.com/book-a-consultancy/
CONTENT	58703	post	Maltepe: Coastal Living on Istanbul’s Asian Side	/contact/
CONTENT	58703	post	Maltepe: Coastal Living on Istanbul’s Asian Side	/property/
CONTENT	58742	post	Property for Sale in Istanbul: The Complete 2026 Buyer’s Guide	https://www.peraproperty.com/district/istanbul/besiktas/
CONTENT	58742	post	Property for Sale in Istanbul: The Complete 2026 Buyer’s Guide	https://www.peraproperty.com/district/istanbul/sariyer/
CONTENT	58742	post	Property for Sale in Istanbul: The Complete 2026 Buyer’s Guide	https://www.peraproperty.com/istanbul-property-market-in-february-2026-best-districts-for-price-growth-and-yield_58617/
CONTENT	58742	post	Property for Sale in Istanbul: The Complete 2026 Buyer’s Guide	https://www.peraproperty.com/district/istanbul/kadikoy/
CONTENT	58742	post	Property for Sale in Istanbul: The Complete 2026 Buyer’s Guide	https://www.peraproperty.com/district/istanbul/atasehir/
CONTENT	58742	post	Property for Sale in Istanbul: The Complete 2026 Buyer’s Guide	https://www.peraproperty.com/district/istanbul/eyupsultan/
CONTENT	58742	post	Property for Sale in Istanbul: The Complete 2026 Buyer’s Guide	https://www.peraproperty.com/district/istanbul/kucukcekmece/
CONTENT	58742	post	Property for Sale in Istanbul: The Complete 2026 Buyer’s Guide	https://www.peraproperty.com/district/istanbul/zeytinburnu/
CONTENT	58742	post	Property for Sale in Istanbul: The Complete 2026 Buyer’s Guide	https://www.peraproperty.com/district/istanbul/kagithane/
CONTENT	58742	post	Property for Sale in Istanbul: The Complete 2026 Buyer’s Guide	https://www.peraproperty.com/district/istanbul/bagcilar/
CONTENT	58742	post	Property for Sale in Istanbul: The Complete 2026 Buyer’s Guide	https://www.peraproperty.com/category/buyer-guides/
CONTENT	58742	post	Property for Sale in Istanbul: The Complete 2026 Buyer’s Guide	https://www.peraproperty.com/district/istanbul/beykoz/
CONTENT	58742	post	Property for Sale in Istanbul: The Complete 2026 Buyer’s Guide	https://www.peraproperty.com/district/istanbul/beylikduzu/
CONTENT	58742	post	Property for Sale in Istanbul: The Complete 2026 Buyer’s Guide	https://www.peraproperty.com/district/istanbul/buyukcekmece/
CONTENT	58742	post	Property for Sale in Istanbul: The Complete 2026 Buyer’s Guide	https://www.peraproperty.com/district/istanbul/cekmekoy/
CONTENT	58742	post	Property for Sale in Istanbul: The Complete 2026 Buyer’s Guide	https://www.peraproperty.com/district/istanbul/kartal/
CONTENT	58742	post	Property for Sale in Istanbul: The Complete 2026 Buyer’s Guide	https://www.peraproperty.com/district/istanbul/sisli/
CONTENT	58742	post	Property for Sale in Istanbul: The Complete 2026 Buyer’s Guide	https://www.peraproperty.com/book-a-consultancy/
CONTENT	58742	post	Property for Sale in Istanbul: The Complete 2026 Buyer’s Guide	/contact/
CONTENT	58742	post	Property for Sale in Istanbul: The Complete 2026 Buyer’s Guide	/property/
CONTENT	58923	post	How to Sell Property in Istanbul: Step-by-Step	/sell-your-istanbul-real-estate/
CONTENT	58923	post	How to Sell Property in Istanbul: Step-by-Step	/contact-us/
CONTENT	58964	post	10 Common Mistakes Foreign Owners Make When Renting Property in Istanbul	https://www.peraproperty.com/rent-your-istanbul-real-estate/
CONTENT	58964	post	10 Common Mistakes Foreign Owners Make When Renting Property in Istanbul	https://www.peraproperty.com/contact/
CONTENT	58964	post	10 Common Mistakes Foreign Owners Make When Renting Property in Istanbul	/book-a-consultancy/
CONTENT	58969	post	How to Rent Out Property in Istanbul: 2026 Landlord Guide	https://www.peraproperty.com/rent-your-istanbul-real-estate/
CONTENT	58969	post	How to Rent Out Property in Istanbul: 2026 Landlord Guide	https://www.peraproperty.com/contact/
CONTENT	59146	post	Turkey’s New 20-Year Foreign Income Tax Exemption Explained (2026)	/besiktas-from-bronze-age-to-ottoman-palaces/
CONTENT	59146	post	Turkey’s New 20-Year Foreign Income Tax Exemption Explained (2026)	/nisantasis-historical-buildings/
CONTENT	59146	post	Turkey’s New 20-Year Foreign Income Tax Exemption Explained (2026)	/sisli-the-heart-of-modern-istanbul/
CONTENT	59146	post	Turkey’s New 20-Year Foreign Income Tax Exemption Explained (2026)	/buying-property-in-sariyer-istanbul-explore-coastal-charm/
CONTENT	59146	post	Turkey’s New 20-Year Foreign Income Tax Exemption Explained (2026)	/a-regional-guide-to-kagithane-istanbul/
CONTENT	59146	post	Turkey’s New 20-Year Foreign Income Tax Exemption Explained (2026)	/a-regional-guide-to-zeytinburnu/
CONTENT	59146	post	Turkey’s New 20-Year Foreign Income Tax Exemption Explained (2026)	/kadikoy-regional-guide-a-vibrant-hub-on-istanbuls-asian-side/
CONTENT	59146	post	Turkey’s New 20-Year Foreign Income Tax Exemption Explained (2026)	/regional-guide-beykoz-istanbuls-coastal-gem-of-modern-infrastructure-and-rich-history/
CONTENT	59146	post	Turkey’s New 20-Year Foreign Income Tax Exemption Explained (2026)	/a-regional-guide-to-uskudar/
CONTENT	59146	post	Turkey’s New 20-Year Foreign Income Tax Exemption Explained (2026)	/atasehir-istanbuls-thriving-financial-and-residential-hub/
CONTENT	59146	post	Turkey’s New 20-Year Foreign Income Tax Exemption Explained (2026)	/a-guide-to-cengelkoy-2/
CONTENT	59146	post	Turkey’s New 20-Year Foreign Income Tax Exemption Explained (2026)	/baghdad-avenue-whats-the-fuss/
CONTENT	59146	post	Turkey’s New 20-Year Foreign Income Tax Exemption Explained (2026)	/contact-us/
CONTENT	59146	post	Turkey’s New 20-Year Foreign Income Tax Exemption Explained (2026)	/property/
CONTENT	59156	post	Buying Property in Nişantaşı: Inside Istanbul’s Most Prestigious Residential Market	https://www.peraproperty.com/bomonti-whats-all-the-fuss-about_45754/
CONTENT	59156	post	Buying Property in Nişantaşı: Inside Istanbul’s Most Prestigious Residential Market	https://www.peraproperty.com/besiktas-whats-all-the-fuss-about_45733/
CONTENT	59156	post	Buying Property in Nişantaşı: Inside Istanbul’s Most Prestigious Residential Market	https://www.peraproperty.com/book-a-consultancy/
CONTENT	59156	post	Buying Property in Nişantaşı: Inside Istanbul’s Most Prestigious Residential Market	/district/sisli/
CONTENT	59156	post	Buying Property in Nişantaşı: Inside Istanbul’s Most Prestigious Residential Market	/property/
CONTENT	59238	post	Istanbul’s Forest District for Luxury Property and Villa Living	/property/
CONTENT	59238	post	Istanbul’s Forest District for Luxury Property and Villa Living	https://www.peraproperty.com/book-a-consultancy/
CONTENT	59238	post	Istanbul’s Forest District for Luxury Property and Villa Living	/contact/
CONTENT	59250	post	Luxury Property in Istanbul: The Complete Guide to Prime Real Estate	/istanbul-luxury-property/
CONTENT	59250	post	Luxury Property in Istanbul: The Complete Guide to Prime Real Estate	/property_tags/istanbul-luxury-property-for-sale/
CONTENT	59294	post	Buying Property in Turkey from Dubai: A Complete Guide for UAE Investors	https://www.peraproperty.com/property-for-sale-in-istanbul-the-complete-2026-buyers-guide/
CONTENT	59294	post	Buying Property in Turkey from Dubai: A Complete Guide for UAE Investors	https://www.peraproperty.com/citizenship-by-investment/
CONTENT	59294	post	Buying Property in Turkey from Dubai: A Complete Guide for UAE Investors	https://www.peraproperty.com/the-best-neighborhoods-to-live-in-istanbul-for-first-time-movers/
CONTENT	59294	post	Buying Property in Turkey from Dubai: A Complete Guide for UAE Investors	https://www.peraproperty.com/the-6-wealthiest-districts-of-istanbul-in-2024/
CONTENT	59294	post	Buying Property in Turkey from Dubai: A Complete Guide for UAE Investors	https://www.peraproperty.com/blog/
CONTENT	59301	post	Buying Property in Turkey from Qatar: A Complete Guide for Qatari and Expatriate Investors	https://www.peraproperty.com/property-for-sale-in-istanbul-the-complete-2026-buyers-guide/
CONTENT	59301	post	Buying Property in Turkey from Qatar: A Complete Guide for Qatari and Expatriate Investors	https://www.peraproperty.com/citizenship-by-investment/
CONTENT	59301	post	Buying Property in Turkey from Qatar: A Complete Guide for Qatari and Expatriate Investors	https://www.peraproperty.com/the-best-neighborhoods-to-live-in-istanbul-for-first-time-movers/
CONTENT	59301	post	Buying Property in Turkey from Qatar: A Complete Guide for Qatari and Expatriate Investors	https://www.peraproperty.com/the-6-wealthiest-districts-of-istanbul-in-2024/
CONTENT	59301	post	Buying Property in Turkey from Qatar: A Complete Guide for Qatari and Expatriate Investors	https://www.peraproperty.com/blog/
CONTENT	59330	post	Turkish citizenship property requirements in 2026	https://www.peraproperty.com/citizenship-by-investment/
CONTENT	59330	post	Turkish citizenship property requirements in 2026	https://www.peraproperty.com/turkish-citizenship-property-requirements-2026/
CONTENT	59330	post	Turkish citizenship property requirements in 2026	https://www.peraproperty.com/dab-turkish-citizenship-property-purchases/
CONTENT	59330	post	Turkish citizenship property requirements in 2026	https://www.peraproperty.com/turkish-citizenship-valuation-report/
CONTENT	59330	post	Turkish citizenship property requirements in 2026	https://www.peraproperty.com/certificate-of-conformity-turkish-citizenship/
CONTENT	59330	post	Turkish citizenship property requirements in 2026	https://www.peraproperty.com/buying-in-turkey-step-by-step_3043/
CONTENT	59330	post	Turkish citizenship property requirements in 2026	https://www.peraproperty.com/turkish-citizenship-valuation-report-what-buyers-need-to-know_59338/
CONTENT	59330	post	Turkish citizenship property requirements in 2026	/dab-in-turkish-citizenship-property-purchases-explained_59334/
CONTENT	59330	post	Turkish citizenship property requirements in 2026	https://www.peraproperty.com/certificate-of-conformity-for-turkish-citizenship-by-investment_59341/
CONTENT	59330	post	Turkish citizenship property requirements in 2026	https://www.peraproperty.com/turkish-citizenship-properties/
CONTENT	59330	post	Turkish citizenship property requirements in 2026	https://www.peraproperty.com/contact/
CONTENT	59334	post	DAB in Turkish Citizenship Property Purchases Explained	https://www.peraproperty.com/citizenship-by-investment/
CONTENT	59334	post	DAB in Turkish Citizenship Property Purchases Explained	https://www.peraproperty.com/turkish-citizenship-property-requirements-2026/
CONTENT	59334	post	DAB in Turkish Citizenship Property Purchases Explained	https://www.peraproperty.com/dab-turkish-citizenship-property-purchases/
CONTENT	59334	post	DAB in Turkish Citizenship Property Purchases Explained	https://www.peraproperty.com/turkish-citizenship-valuation-report/
CONTENT	59334	post	DAB in Turkish Citizenship Property Purchases Explained	https://www.peraproperty.com/certificate-of-conformity-turkish-citizenship/
CONTENT	59334	post	DAB in Turkish Citizenship Property Purchases Explained	https://www.peraproperty.com/title-deed-tapu-process-in-turkey-a-guide-for-buyers_53539/
CONTENT	59334	post	DAB in Turkish Citizenship Property Purchases Explained	https://www.peraproperty.com/turkish-citizenship-properties/
CONTENT	59334	post	DAB in Turkish Citizenship Property Purchases Explained	https://www.peraproperty.com/contact/
CONTENT	59338	post	Turkish Citizenship Valuation Report: What Buyers Need to Know	https://www.peraproperty.com/citizenship-by-investment/
CONTENT	59338	post	Turkish Citizenship Valuation Report: What Buyers Need to Know	https://www.peraproperty.com/turkish-citizenship-property-requirements-2026/
CONTENT	59338	post	Turkish Citizenship Valuation Report: What Buyers Need to Know	https://www.peraproperty.com/dab-turkish-citizenship-property-purchases/
CONTENT	59338	post	Turkish Citizenship Valuation Report: What Buyers Need to Know	https://www.peraproperty.com/turkish-citizenship-valuation-report/
CONTENT	59338	post	Turkish Citizenship Valuation Report: What Buyers Need to Know	https://www.peraproperty.com/certificate-of-conformity-turkish-citizenship/
CONTENT	59338	post	Turkish Citizenship Valuation Report: What Buyers Need to Know	https://www.peraproperty.com/title-deed-tapu-process-in-turkey-a-guide-for-buyers_53539/
CONTENT	59338	post	Turkish Citizenship Valuation Report: What Buyers Need to Know	https://www.peraproperty.com/book-a-consultancy/
CONTENT	59338	post	Turkish Citizenship Valuation Report: What Buyers Need to Know	https://www.peraproperty.com/turkish-citizenship-properties/
CONTENT	59338	post	Turkish Citizenship Valuation Report: What Buyers Need to Know	https://www.peraproperty.com/contact/
CONTENT	59341	post	Certificate of Conformity for Turkish Citizenship by Investment	https://www.peraproperty.com/citizenship-by-investment/
CONTENT	59341	post	Certificate of Conformity for Turkish Citizenship by Investment	https://www.peraproperty.com/turkish-citizenship-property-requirements-2026/
CONTENT	59341	post	Certificate of Conformity for Turkish Citizenship by Investment	https://www.peraproperty.com/dab-turkish-citizenship-property-purchases/
CONTENT	59341	post	Certificate of Conformity for Turkish Citizenship by Investment	https://www.peraproperty.com/turkish-citizenship-valuation-report/
CONTENT	59341	post	Certificate of Conformity for Turkish Citizenship by Investment	https://www.peraproperty.com/certificate-of-conformity-turkish-citizenship/
CONTENT	59341	post	Certificate of Conformity for Turkish Citizenship by Investment	https://www.peraproperty.com/turkish-citizenship-properties/
CONTENT	59341	post	Certificate of Conformity for Turkish Citizenship by Investment	https://www.peraproperty.com/contact/
CONTENT	59488	post	Can Chinese Citizens Buy Property in Turkey?	https://www.peraproperty.com/zh-can-chinese-citizens-buy-property-in-turkey_59495/
CONTENT	59488	post	Can Chinese Citizens Buy Property in Turkey?	https://www.peraproperty.com/citizenship-by-investment/
CONTENT	59488	post	Can Chinese Citizens Buy Property in Turkey?	https://www.peraproperty.com/turkish-citizenship-properties/
CONTENT	59488	post	Can Chinese Citizens Buy Property in Turkey?	https://www.peraproperty.com/turkish-citizenship-property-requirements-2026/
CONTENT	59488	post	Can Chinese Citizens Buy Property in Turkey?	https://www.peraproperty.com/dab-turkish-citizenship-property-purchases/
CONTENT	59488	post	Can Chinese Citizens Buy Property in Turkey?	https://www.peraproperty.com/turkish-citizenship-valuation-report/
CONTENT	59488	post	Can Chinese Citizens Buy Property in Turkey?	https://www.peraproperty.com/property/
CONTENT	59488	post	Can Chinese Citizens Buy Property in Turkey?	https://www.peraproperty.com/contact/
CONTENT	59495	post	中国公民可以在土耳其购买房产吗?	https://www.peraproperty.com/zh-citizenship-by-investment/
CONTENT	59495	post	中国公民可以在土耳其购买房产吗?	https://www.peraproperty.com/turkish-citizenship-properties/
CONTENT	59495	post	中国公民可以在土耳其购买房产吗?	https://www.peraproperty.com/turkish-citizenship-property-requirements-2026/
CONTENT	59495	post	中国公民可以在土耳其购买房产吗?	https://www.peraproperty.com/dab-turkish-citizenship-property-purchases/
CONTENT	59495	post	中国公民可以在土耳其购买房产吗?	https://www.peraproperty.com/turkish-citizenship-valuation-report/
CONTENT	59495	post	中国公民可以在土耳其购买房产吗?	https://www.peraproperty.com/property/
CONTENT	59495	post	中国公民可以在土耳其购买房产吗?	https://www.peraproperty.com/contact-us/
CONTENT	59522	post	Turkish Citizenship by Investment for Kuwaiti residents	https://www.peraproperty.com/turkish-citizenship-property-requirements-in-2026_59330/
CONTENT	59522	post	Turkish Citizenship by Investment for Kuwaiti residents	https://www.peraproperty.com/turkish-citizenship-valuation-report-what-buyers-need-to-know_59338/
CONTENT	59522	post	Turkish Citizenship by Investment for Kuwaiti residents	https://www.peraproperty.com/taxes-in-turkey_3178/
CONTENT	59522	post	Turkish Citizenship by Investment for Kuwaiti residents	https://www.peraproperty.com/dab-in-turkish-citizenship-property-purchases-explained_59334/
CONTENT	59522	post	Turkish Citizenship by Investment for Kuwaiti residents	https://www.peraproperty.com/certificate-of-conformity-for-turkish-citizenship-by-investment_59341/
CONTENT	59522	post	Turkish Citizenship by Investment for Kuwaiti residents	https://www.peraproperty.com/citizenship-by-investment/
CONTENT	59522	post	Turkish Citizenship by Investment for Kuwaiti residents	https://www.peraproperty.com/turkish-citizenship-properties/
CONTENT	59726	post	Turkish Citizenship by Investment Timeline: From Property Search to Passport	https://www.peraproperty.com/turkish-citizenship-property-requirements-in-2026_59330/
CONTENT	59726	post	Turkish Citizenship by Investment Timeline: From Property Search to Passport	https://www.peraproperty.com/turkish-citizenship-valuation-report-what-buyers-need-to-know_59338/
CONTENT	59726	post	Turkish Citizenship by Investment Timeline: From Property Search to Passport	https://www.peraproperty.com/dab-in-turkish-citizenship-property-purchases-explained_59334/
CONTENT	59726	post	Turkish Citizenship by Investment Timeline: From Property Search to Passport	https://www.peraproperty.com/property-taxes-in-turkey-updated-for-2024_52062/
CONTENT	59726	post	Turkish Citizenship by Investment Timeline: From Property Search to Passport	https://www.peraproperty.com/certificate-of-conformity-for-turkish-citizenship-by-investment_59341/
CONTENT	59726	post	Turkish Citizenship by Investment Timeline: From Property Search to Passport	https://www.peraproperty.com/book-a-consultancy/
CONTENT	59726	post	Turkish Citizenship by Investment Timeline: From Property Search to Passport	https://www.peraproperty.com/citizenship-by-investment/
ACF	50893	service	button_link	https://www.peraproperty.com/sell-your-istanbul-real-estate/
ACF	50905	service	button_link	https://www.peraproperty.com/taxes-expenses-and-costs-when-buying_3098/
ACF	50906	service	button_link	https://www.peraproperty.com/turkish-citizenship-by-real-estate-investment_6292/
ACF	50908	service	button_link	https://www.peraproperty.com/rent-your-istanbul-real-estate/
ACF	50909	service	button_link	https://www.peraproperty.com/rent-your-istanbul-real-estate/
ACF	50910	service	button_link	https://www.peraproperty.com/short-term-rental-airbnb-in-istanbul_49220/
SECTION	MENU	ITEM_ID	LABEL	URL
MENU	Footer menu	59454	Advanced search	/property/
MENU	Main Menu v1	18437	Search property for sale	https://www.peraproperty.com/property/
MENU	Main Menu v1	59069	Istanbul property guides	/#
MENU	Main Menu v1	59070	All guides	/blog
MENU	Main Menu v1	59072	Services	/#
MENU	Main Menu v1	54172	All services	https://www.peraproperty.com/about-us/#our_services
