ID,post_title,post_name,permalink
36197,"Careers at Pera Property Istanbul",join-our-team,https://www.peraproperty.com/join-our-team/
55623,"Privacy policy",privacy-policy,https://www.peraproperty.com/privacy-policy/
55642,"About Pera Property Istanbul",about-us,https://www.peraproperty.com/about-us/
55645,"Contact Pera Property Istanbul",contact-us,https://www.peraproperty.com/contact-us/
55649,"Turkish Citizenship by Investment Through Real Estate",citizenship-by-investment,https://www.peraproperty.com/citizenship-by-investment/
55660,"Sell Your Property in Istanbul with Pera",sell-your-istanbul-real-estate,https://www.peraproperty.com/sell-your-istanbul-real-estate/
55663,"Rent Out Your Property in Istanbul with Pera",rent-your-istanbul-real-estate,https://www.peraproperty.com/rent-your-istanbul-real-estate/
55858,"Property for Sale in Istanbul | Pera Property",home,https://www.peraproperty.com/
56124,"Book a Property Consultation in Istanbul",book-a-consultancy,https://www.peraproperty.com/book-a-consultancy/
56245,"My favourites",my-favourites,https://www.peraproperty.com/my-favourites/
56355,"View Property for Sale in Istanbul on Map",view-all-our-property-for-sale-in-istanbul-on-this-map,https://www.peraproperty.com/view-all-our-property-for-sale-in-istanbul-on-this-map/
56373,"Client Login | Pera Property",client-login,https://www.peraproperty.com/client-login/
56376,"Client Portal",client-portal,https://www.peraproperty.com/client-portal/
56505,"Portal Test",portal-test,https://www.peraproperty.com/portal-test/
56551,"Create Your Account",register,https://www.peraproperty.com/register/
58622,"Istanbul Real Estate News Hub",blog,https://www.peraproperty.com/blog/
58736,"Turkish Citizenship Properties",turkish-citizenship-properties,https://www.peraproperty.com/turkish-citizenship-properties/
58930,"Istanbul Luxury Property",istanbul-luxury-property,https://www.peraproperty.com/istanbul-luxury-property/
59236,"Forgot Password",client-forgot-password,https://www.peraproperty.com/client-forgot-password/
59313,"Property Archive SEO Settings",property-archive-seo-settings,https://www.peraproperty.com/property-archive-seo-settings/
59884,"Developer Sales & Marketing Solutions",developer-sales-office,https://www.peraproperty.com/developer-sales-office/
