ID,post_title,post_name,permalink,property_type,special,region,district,property_tags
7837,"Historic Istanbul peninsula complex with full sea views",historic-istanbul-peninsula-apartments-with-full-sea-views,https://www.peraproperty.com/property/historic-istanbul-peninsula-apartments-with-full-sea-views/,"Apartments | Residential",Resales,"Old City","Fatih | Istanbul","Bosphorous views | Istanbul Investment property for sale | Istanbul Sea views for sale | Luxury Property for Sale in Istanbul | Property for sale near Old City Istanbul"
11663,"Premium residential apartments in Sisli",premium-residential-apartments-in-sisli,https://www.peraproperty.com/property/premium-residential-apartments-in-sisli/,"Apartments | Residential","Citizenship | Project","City Centre","Istanbul | Sisli","Bosphorous views | Golden Horn Istanbul Property for sale | Istanbul Investment property for sale | Key ready apartments for sale in Istanbul | Property for sale in Istanbul City Centre"
11691,"One-Bedroom Apartment at Queen Central Park Bomonti",luxury-sisli-apartment-with-bosphorus-views,https://www.peraproperty.com/property/luxury-sisli-apartment-with-bosphorus-views/,"Apartments | Residential","Resales | Special offer","City Centre","Istanbul | Sisli","Bosphorous views | Forest views property for sale in Northern Istanbul | Istanbul Investment property for sale | Istanbul Sea views for sale | Key ready apartments for sale in Istanbul | Luxury Property for Sale in Istanbul | Property for sale in Istanbul City Centre"
11753,"Invest in Istanbul's new financial district",invest-in-istanbuls-new-financial-district,https://www.peraproperty.com/property/invest-in-istanbuls-new-financial-district/,"Apartments | Residential","Citizenship | Project",Anatolia,"Istanbul | Umraniye","Forest views property for sale in Northern Istanbul | Istanbul Investment property for sale | Property for sale in Istanbul City Centre"
11920,"3 bed apartment in the famous TEMA Bahce project in Atakent",3-bed-apartment-in-the-famous-tema-bahce-project-in-atakent,https://www.peraproperty.com/property/3-bed-apartment-in-the-famous-tema-bahce-project-in-atakent/,"Apartments | Residential","Citizenship | Resales | Special offer","Media Highway","Istanbul | Kucukcekmece","Istanbul Investment property for sale | Istanbul Lake views apartments for sale | Key ready apartments for sale in Istanbul | Property for sale in Istanbul City Centre"
12013,"Fendi apartments at Istanbul's premier sea front compound",fendi-apartments-at-istanbuls-premier-sea-front-compound,https://www.peraproperty.com/property/fendi-apartments-at-istanbuls-premier-sea-front-compound/,"Apartments | Residential",Project,"Central Coast","Istanbul | Zeytinburnu","Bosphorous views | Istanbul Investment property for sale | Istanbul Marina apartments for sale | Istanbul Sea views for sale | Key ready apartments for sale in Istanbul | Luxury Property for Sale in Istanbul | Property for sale in Istanbul City Centre"
20100,"Panoramic Marmara sea views at the Zeytinburnu sea front",panoramic-marmara-sea-views-at-the-eytinburnu-seafront,https://www.peraproperty.com/property/panoramic-marmara-sea-views-at-the-eytinburnu-seafront/,"Apartments | Residential",Project,"Central Coast","Istanbul | Zeytinburnu","Bosphorous views | Istanbul Marina apartments for sale | Istanbul Sea views for sale | Key ready apartments for sale in Istanbul | Luxury Property for Sale in Istanbul | Property for sale in Istanbul City Centre"
20719,"Sisli's last skyscraper residence with Bosphorus views",sislis-last-skyscraper-residence-with-bosphorus-views,https://www.peraproperty.com/property/sislis-last-skyscraper-residence-with-bosphorus-views/,"Apartments | Residential","Citizenship | Project","City Centre","Istanbul | Sisli","Bosphorous views | Istanbul Investment property for sale | Luxury Property for Sale in Istanbul | Property for sale in Istanbul City Centre"
21286,"Private villa in an incredible compound",incredibly-huge-villa-compound-in-the-forests-of-riva-istanbul,https://www.peraproperty.com/property/incredibly-huge-villa-compound-in-the-forests-of-riva-istanbul/,"Residential | Villas",Resales,Anatolia,"Beykoz | Istanbul","Forest views property for sale in Northern Istanbul | Istanbul Lake views apartments for sale | Istanbul Villas for sale | Luxury Property for Sale in Istanbul"
21360,"Apartment in Eyup minutes from Taksim",apartment-in-eyup-minutes-from-taksim,https://www.peraproperty.com/property/apartment-in-eyup-minutes-from-taksim/,"Apartments | Residential",Resales,"Golden Horn","Eyup | Istanbul","Golden Horn Istanbul Property for sale | Istanbul Investment property for sale | Key ready apartments for sale in Istanbul | Property for sale in Istanbul City Centre"
21503,"Apartments at the crossroads of Istanbul, in Topkapi",apartments-at-the-crossroads-of-istanbul-in-topkapi,https://www.peraproperty.com/property/apartments-at-the-crossroads-of-istanbul-in-topkapi/,"Apartments | Residential","Citizenship | Project","Old City","Istanbul | Zeytinburnu","Istanbul Investment property for sale | Property for sale near Old City Istanbul"
22503,"Investment apartments in Eyup, near the metro",investment-apartment-in-eyup-near-the-metro,https://www.peraproperty.com/property/investment-apartment-in-eyup-near-the-metro/,"Apartments | Residential","Citizenship | Project","Golden Horn","Eyup | Istanbul","Golden Horn Istanbul Property for sale"
26534,"Pure luxury hotel residence in the heart of world famous Nisantasi",pure-luxury-hotel-residence-in-the-heart-of-world-famous-nisantasi,https://www.peraproperty.com/property/pure-luxury-hotel-residence-in-the-heart-of-world-famous-nisantasi/,"Apartments | Residential",Resales,"City Centre","Istanbul | Sisli","Bosphorous views | Istanbul Sea views for sale | Key ready apartments for sale in Istanbul | Luxury Property for Sale in Istanbul | Property for sale in Istanbul City Centre"
27530,"The only Ultimate luxury compound in Nisantasi with Bosphorous views",the-only-luxury-compound-in-nisantasi-with-bosphorous-views,https://www.peraproperty.com/property/the-only-luxury-compound-in-nisantasi-with-bosphorous-views/,"Apartments | Residential",Project,"City Centre","Istanbul | Sisli","Bosphorous views | Istanbul Investment property for sale | Istanbul Sea views for sale | Luxury Property for Sale in Istanbul | Property for sale in Istanbul City Centre"
27743,"Bosphorus, sea and historic city views from immaculate skyscraper",bosphorus-sea-and-historic-city-views-from-immaculate-skyscraper,https://www.peraproperty.com/property/bosphorus-sea-and-historic-city-views-from-immaculate-skyscraper/,"Apartments | Residential",Resales,"City Centre","Istanbul | Sisli","Bosphorous views | Istanbul Sea views for sale | Key ready apartments for sale in Istanbul | Luxury Property for Sale in Istanbul | Property for sale in Istanbul City Centre"
28039,"Hotel concept residences with min 5% rental return",hotel-concept-residences-with-min-5-rental-return,https://www.peraproperty.com/property/hotel-concept-residences-with-min-5-rental-return/,"Apartments | Residential",Resales,"City Centre","Istanbul | Kagithane","Istanbul Investment property for sale | Istanbul Lake views apartments for sale | Key ready apartments for sale in Istanbul | Luxury Property for Sale in Istanbul | Property for sale in Istanbul City Centre"
28108,"Apartment compound in the heart of the forests of Zekeriyakoy",apartment-compound-in-the-heart-of-the-forests-of-zekeriyakoy,https://www.peraproperty.com/property/apartment-compound-in-the-heart-of-the-forests-of-zekeriyakoy/,"Apartments | Residential",Resales,Bosphorus,"Istanbul | Sariyer","Forest views property for sale in Northern Istanbul | Istanbul Villas for sale | Key ready apartments for sale in Istanbul | Luxury Property for Sale in Istanbul"
28176,"Boutique single apartment building in developing Kagithane",boutique-single-apartment-building-in-developing-kagithane,https://www.peraproperty.com/property/boutique-single-apartment-building-in-developing-kagithane/,"Apartments | Residential","Project | Special offer","Golden Horn","Istanbul | Kagithane","Golden Horn Istanbul Property for sale | Istanbul Investment property for sale"
29013,"Seafront apartment compound in elite Bakirkoy",seafront-apartment-compound-in-elite-bakirkoy,https://www.peraproperty.com/property/seafront-apartment-compound-in-elite-bakirkoy/,"Apartments | Residential",Resales,"Central Coast","Bakirkoy | Istanbul","Istanbul Sea views for sale | Key ready apartments for sale in Istanbul | Luxury Property for Sale in Istanbul"
29124,"Luxury Seafront Property Near Istanbul's Historic Peninsula",investment-apartments-at-istanbuls-premier-sea-front-apartment-complex-2,https://www.peraproperty.com/property/investment-apartments-at-istanbuls-premier-sea-front-apartment-complex-2/,"Apartments | Residential","Citizenship | Project","Central Coast","Istanbul | Zeytinburnu","Bosphorous views | Istanbul Investment property for sale | Istanbul Marina apartments for sale | Istanbul Sea views for sale | Key ready apartments for sale in Istanbul | Luxury Property for Sale in Istanbul | Property for sale in Istanbul City Centre"
31894,"Large complex in middle class Atakent near major hospital",large-complex-in-middle-class-atakent-near-major-hospital,https://www.peraproperty.com/property/large-complex-in-middle-class-atakent-near-major-hospital/,"Apartments | Residential",Resales,"Media Highway",Kucukcekmece,
32817,"Family compound set amongst the forests of Istanbul",family-compound-set-amongst-the-forests-of-istanbul-32817-2,https://www.peraproperty.com/property/family-compound-set-amongst-the-forests-of-istanbul-32817-2/,"Apartments | Residential",Project,Anatolia,Umraniye,"Istanbul Investment property for sale"
33553,"Luxury residence in world famous Nisantasi",luxury-residence-in-world-famous-nisantasi,https://www.peraproperty.com/property/luxury-residence-in-world-famous-nisantasi/,"Apartments | Residential",Resales,"City Centre",Sisli,"Key ready apartments for sale in Istanbul | Luxury Property for Sale in Istanbul | Property for sale in Istanbul City Centre"
33724,"Unique villas for sale in elite Zekeriyakoy",brand-new-villa-compound-in-elite-zekeriyakoy,https://www.peraproperty.com/property/brand-new-villa-compound-in-elite-zekeriyakoy/,"Residential | Villas","Citizenship | Project",Bosphorus,"Istanbul | Sariyer","Istanbul Sea views for sale | Istanbul Villas for sale | Luxury Property for Sale in Istanbul | Property for sale in Istanbul City Centre"
33912,"Landmark residence in middle class Sefakoy",landmark-residence-in-middle-class-sefakoy,https://www.peraproperty.com/property/landmark-residence-in-middle-class-sefakoy/,"Apartments | Residential","Citizenship | Project","Media Highway","Istanbul | Kucukcekmece",
34097,"Mega project compound in Istanbul's most sought after district",mega-project-compound-in-istanbuls-most-sought-after-district,https://www.peraproperty.com/property/mega-project-compound-in-istanbuls-most-sought-after-district/,"Apartments | Residential",Resales,"Media Highway",Kucukcekmece,"Istanbul Investment property for sale | Istanbul Lake views apartments for sale | Key ready apartments for sale in Istanbul | Property for sale in Istanbul City Centre"
34385,"Family apartment right next to the city centre metro in Kagithane",family-apartment-right-next-to-the-city-centre-metro-in-kagithane,https://www.peraproperty.com/property/family-apartment-right-next-to-the-city-centre-metro-in-kagithane/,"Apartments | Residential",Project,"City Centre","Istanbul | Kagithane","Istanbul Investment property for sale | Luxury Property for Sale in Istanbul | Property for sale in Istanbul City Centre"
34421,"Family apartments close to the metro in Kagithane",family-apartments-close-to-the-metro-in-kagithane,https://www.peraproperty.com/property/family-apartments-close-to-the-metro-in-kagithane/,"Apartments | Residential",Project,"Golden Horn","Istanbul | Kagithane","Key ready apartments for sale in Istanbul | Property for sale in Istanbul City Centre"
34961,"Modern apartment complex in Kucukcekmece",low-rise-apartment-compound-in-kucukcekmece,https://www.peraproperty.com/property/low-rise-apartment-compound-in-kucukcekmece/,"Apartments | Residential",Resales,"Media Highway",Kucukcekmece,"Istanbul Investment property for sale | Key ready apartments for sale in Istanbul"
35840,"Investment apartments in rapidly growing Kartal",investment-apartments-in-rapidly-growing-kartal,https://www.peraproperty.com/property/investment-apartments-in-rapidly-growing-kartal/,"Apartments | Residential",Resales,Anatolia,"Istanbul | Kartal","Forest views property for sale in Northern Istanbul | Istanbul Investment property for sale | Istanbul Sea views for sale | Key ready apartments for sale in Istanbul"
37218,"Family compound at the peak of Cengelkoy Uskudar",family-compound-at-the-peak-of-cengelkoy-uskudar,https://www.peraproperty.com/property/family-compound-at-the-peak-of-cengelkoy-uskudar/,"Apartments | Residential",Resales,Anatolia,Uskudar,"Forest views property for sale in Northern Istanbul | Istanbul Investment property for sale | Luxury Property for Sale in Istanbul"
37273,"Lake view residence in middle class Atakent",lake-view-residence-in-middle-class-atakent,https://www.peraproperty.com/property/lake-view-residence-in-middle-class-atakent/,"Apartments | Residential",Resales,"Media Highway",Kucukcekmece,"Istanbul Investment property for sale | Istanbul Sea views for sale"
37728,"Urban regeneration Apartment in the historic quarters near Taksim",boutique-compound-in-the-historic-neighbourhoods-near-taksim,https://www.peraproperty.com/property/boutique-compound-in-the-historic-neighbourhoods-near-taksim/,"Apartments | Residential",Project,"City Centre","Istanbul | Sisli","Istanbul Investment property for sale | Key ready apartments for sale in Istanbul"
37875,"Hotel suites in rapidly expanding Kagithane",hotel-suites-in-rapidly-expanding-kagithane,https://www.peraproperty.com/property/hotel-suites-in-rapidly-expanding-kagithane/,"Apartments | Residential",Resales,"Golden Horn","Istanbul | Kagithane","Golden Horn Istanbul Property for sale | Istanbul Investment property for sale | Key ready apartments for sale in Istanbul | Property for sale in Istanbul City Centre"
38845,"Countryside apartments in Istanbul's business zone!",countryside-apartments-in-istanbuls-business-zone,https://www.peraproperty.com/property/countryside-apartments-in-istanbuls-business-zone/,"Apartments | Residential",Project,"City Centre",Sariyer,"Forest views property for sale in Northern Istanbul | Istanbul Investment property for sale | Luxury Property for Sale in Istanbul | Property for sale in Istanbul City Centre"
39064,"Huge villa compound in the ""Tuscany"" of Istanbul",huge-villa-compound-in-the-tuscany-of-istanbul,https://www.peraproperty.com/property/huge-villa-compound-in-the-tuscany-of-istanbul/,"Residential | Villas",Resales,"West Istanbul","Buyukcekmece | Istanbul","Istanbul Lake views apartments for sale | Istanbul Villas for sale | Luxury Property for Sale in Istanbul"
39159,"Invest in the Beverly hills of Istanbul",invest-in-the-beverly-hills-of-istanbul,https://www.peraproperty.com/property/invest-in-the-beverly-hills-of-istanbul/,"Apartments | Residential",Resales,Anatolia,"Beykoz | Istanbul","Forest views property for sale in Northern Istanbul | Luxury Property for Sale in Istanbul"
39405,"Luxury lake view villas in the Tuscany of Istanbul",luxury-villas-in-the-tuscany-of-istanbul,https://www.peraproperty.com/property/luxury-villas-in-the-tuscany-of-istanbul/,"Residential | Villas",Resales,"West Istanbul","Buyukcekmece | Istanbul","Istanbul Lake views apartments for sale | Istanbul Villas for sale | Luxury Property for Sale in Istanbul"
39557,"Townhouses in green Bahcesehir",boutique-villa-compound-in-green-bahcesehir,https://www.peraproperty.com/property/boutique-villa-compound-in-green-bahcesehir/,"Residential | Villas",Resales,Bahcesehir,,"Forest views property for sale in Northern Istanbul | Istanbul Villas for sale"
39796,"Istanbul's favourite complex with huge mall in the forests",istanbuls-favourite-complex-with-huge-mall-in-the-forests,https://www.peraproperty.com/property/istanbuls-favourite-complex-with-huge-mall-in-the-forests/,"Apartments | Residential",Resales,Maslak,"Istanbul | Kagithane","Forest views property for sale in Northern Istanbul | Istanbul Investment property for sale | Luxury Property for Sale in Istanbul | Property for sale in Istanbul City Centre"
39965,"Forest view luxury compound in the heart of elite Gokturk",forest-view-luxury-compound-in-the-heart-of-elite-gokturk,https://www.peraproperty.com/property/forest-view-luxury-compound-in-the-heart-of-elite-gokturk/,"Apartments | Residential",Resales,"Golden Horn","Eyup | Istanbul","Forest views property for sale in Northern Istanbul | Luxury Property for Sale in Istanbul"
40298,"Peaceful villa compound in the hills of Bahcesehir",peaceful-villa-compound-in-the-hills-of-bahcesehir,https://www.peraproperty.com/property/peaceful-villa-compound-in-the-hills-of-bahcesehir/,"Residential | Villas","Resales | Special offer",Bahcesehir,,"Istanbul Investment property for sale | Istanbul Villas for sale | Luxury Property for Sale in Istanbul"
40368,"Duplex Apartments in world famous Besiktas",duplex-apartments-in-world-famous-besiktas,https://www.peraproperty.com/property/duplex-apartments-in-world-famous-besiktas/,"Apartments | Residential",Resales,"City Centre","Besiktas | Istanbul","Bosphorous views | Istanbul Investment property for sale | Istanbul Sea views for sale | Property for sale in Istanbul City Centre"
40930,"Apartments in world famous Besiktas 5 mins to Zorlu",apartments-in-world-famous-besiktas-5-mins-to-zorlu,https://www.peraproperty.com/property/apartments-in-world-famous-besiktas-5-mins-to-zorlu/,"Apartments | Residential",Resales,"City Centre","Besiktas | Istanbul","Bosphorous views | Istanbul Investment property for sale | Istanbul Sea views for sale | Property for sale in Istanbul City Centre"
41935,"A new landmark compound for modern Bagcilar",a-new-landmark-compound-for-modern-bagcilar,https://www.peraproperty.com/property/a-new-landmark-compound-for-modern-bagcilar/,"Apartments | Residential",Project,"Media Highway","Bagcilar | Istanbul","Istanbul Investment property for sale | Key ready apartments for sale in Istanbul"
41997,"Bosphorus family apartments atop the historic Camlica hill",bosphorus-family-apartments-atop-the-historic-camlica-hill,https://www.peraproperty.com/property/bosphorus-family-apartments-atop-the-historic-camlica-hill/,"Apartments | Residential",Resales,Bosphorus,"Istanbul | Uskudar","Istanbul Investment property for sale"
42189,"Cengelkoy valley apartments in family compound",cengelkoy-valley-apartments-in-family-compound,https://www.peraproperty.com/property/cengelkoy-valley-apartments-in-family-compound/,"Apartments | Residential",Resales,Anatolia,"Istanbul | Uskudar",
42261,"A landmark compound for super modern Kartal",a-landmark-compound-for-super-modern-kartal,https://www.peraproperty.com/property/a-landmark-compound-for-super-modern-kartal/,"Apartments | Residential",Resales,Anatolia,"Istanbul | Kartal","Forest views property for sale in Northern Istanbul | Istanbul Investment property for sale"
42276,"Luxury villas in the villa suburb of Istanbul",luxury-villas-in-the-villa-suburb-of-istanbul,https://www.peraproperty.com/property/luxury-villas-in-the-villa-suburb-of-istanbul/,"Residential | Villas","Featured | Resales","West Istanbul","Buyukcekmece | Istanbul","Istanbul Lake views apartments for sale | Istanbul Villas for sale | Luxury Property for Sale in Istanbul"
42524,"Mall - residence - hotel at the crossroads of Istanbul",mall-residence-hotel-at-the-crossroads-of-istanbul,https://www.peraproperty.com/property/mall-residence-hotel-at-the-crossroads-of-istanbul/,"Apartments | Residential",Project,"City Centre","Istanbul | Zeytinburnu","Istanbul Investment property for sale | Luxury Property for Sale in Istanbul"
42878,"Premium compound in Istanbul's upmarket neighbourhood of Acibadem",premium-compound-in-istanbuls-upmarket-neighbourhood-of-acibadem,https://www.peraproperty.com/property/premium-compound-in-istanbuls-upmarket-neighbourhood-of-acibadem/,"Apartments | Residential",Project,Anatolia,"Istanbul | Uskudar","Forest views property for sale in Northern Istanbul | Istanbul Investment property for sale | Istanbul Sea views for sale | Luxury Property for Sale in Istanbul | Property for sale near Bagdat Avenue, Istanbul"
42881,"Two bed Duplex Apartment in world famous Besiktas 5 mins to Zorlu",two-bed-duplex-apartment-in-world-famous-besiktas-5-mins-to-zorlu,https://www.peraproperty.com/property/two-bed-duplex-apartment-in-world-famous-besiktas-5-mins-to-zorlu/,"Apartments | Residential",Resales,"City Centre","Besiktas | Istanbul","Bosphorous views | Istanbul Investment property for sale | Istanbul Sea views for sale | Property for sale in Istanbul City Centre"
42884,"Bosphorus view penthouse in world famous Besiktas",bosphorus-view-penthous-in-world-famous-besiktas,https://www.peraproperty.com/property/bosphorus-view-penthous-in-world-famous-besiktas/,"Apartments | Residential",Resales,"City Centre","Besiktas | Istanbul","Bosphorous views | Istanbul Investment property for sale | Istanbul Sea views for sale | Property for sale in Istanbul City Centre"
43202,"Uskudar Bosphorous view compound in Historic Cengelkoy",uskudar-bosphorous-view-compound-in-historic-cengelkoy,https://www.peraproperty.com/property/uskudar-bosphorous-view-compound-in-historic-cengelkoy/,"Apartments | Residential",Project,Bosphorus,Uskudar,"Bosphorous views | Istanbul Sea views for sale"
43449,"Apartment compound in the forests of Sariyer",apartment-compound-in-the-forests-of-sariyer,https://www.peraproperty.com/property/apartment-compound-in-the-forests-of-sariyer/,"Apartments | Residential",Resales,Bosphorus,Sariyer,"Forest views property for sale in Northern Istanbul | Istanbul Investment property for sale | Luxury Property for Sale in Istanbul"
43989,"One bed in world famous Besiktas, walk to world famous landmarks",one-bed-in-world-famous-besiktas,https://www.peraproperty.com/property/one-bed-in-world-famous-besiktas/,"Apartments | Residential",Resales,"City Centre","Besiktas | Istanbul","Bosphorous views | Istanbul Investment property for sale | Istanbul Sea views for sale | Property for sale in Istanbul City Centre"
45168,"A landmark compound in historic Besiktas",investment-apartments-in-historic-besiktas,https://www.peraproperty.com/property/investment-apartments-in-historic-besiktas/,"Apartments | Residential","Citizenship | Project","City Centre","Besiktas | Istanbul","Istanbul Investment property for sale | Istanbul Sea views for sale | Luxury Property for Sale in Istanbul"
45795,"Apartments in the heart of the forest in elite Kemerburgaz",apartments-in-the-heart-of-the-forest-in-elite-kemerburgaz,https://www.peraproperty.com/property/apartments-in-the-heart-of-the-forest-in-elite-kemerburgaz/,"Apartments | Residential",Resales,"Golden Horn","Eyup | Istanbul","Forest views property for sale in Northern Istanbul | Istanbul Investment property for sale | Key ready apartments for sale in Istanbul"
45886,"Hotel investments near the Istanbul airport",hotel-investments-near-the-istanbul-airport,https://www.peraproperty.com/property/hotel-investments-near-the-istanbul-airport/,"Apartments | Residential","Citizenship | Featured | Resales","Media Highway",Kucukcekmece,"Istanbul Investment property for sale | Key ready apartments for sale in Istanbul"
45957,"Investment apartments in prime location of Kagithane",investment-apartments-in-prime-location-of-kagithane,https://www.peraproperty.com/property/investment-apartments-in-prime-location-of-kagithane/,"Apartments | Residential","Citizenship | Resales","Golden Horn","Istanbul | Kagithane","Golden Horn Istanbul Property for sale"
46263,"Investment apartments in Besiktas walk to world famous landmarks",investment-apartments-in-besiktas-walk-to-world-famous-landmarks,https://www.peraproperty.com/property/investment-apartments-in-besiktas-walk-to-world-famous-landmarks/,"Apartments | Residential",Resales,"City Centre","Besiktas | Istanbul","Bosphorous views | Istanbul Investment property for sale | Istanbul Sea views for sale | Property for sale in Istanbul City Centre"
46305,"Family compound in middle class Atakent, near the metro",family-compound-in-middle-class-atakent-near-the-metro,https://www.peraproperty.com/property/family-compound-in-middle-class-atakent-near-the-metro/,"Apartments | Residential","Citizenship | Resales | Special offer","Media Highway",Kucukcekmece,"Istanbul Investment property for sale"
46745,"Garden apartment in world famous Besiktas",garden-apartments-in-world-famous-besiktas,https://www.peraproperty.com/property/garden-apartments-in-world-famous-besiktas/,"Apartments | Residential",Resales,"City Centre","Besiktas | Istanbul","Bosphorous views | Istanbul Investment property for sale | Istanbul Sea views for sale | Property for sale in Istanbul City Centre"
48617,"Apartments in Eyup with Golden Horn views",2-bed-apartments-in-eyup-with-golden-horn-views,https://www.peraproperty.com/property/2-bed-apartments-in-eyup-with-golden-horn-views/,"Apartments | Residential",Resales,"City Centre","Eyup | Istanbul","Golden Horn Istanbul Property for sale | Istanbul Investment property for sale"
49000,"Belgrad Forest Residence in Kagithane",discover-tranquil-living-belgrad-forest-residence-in-kagithane,https://www.peraproperty.com/property/discover-tranquil-living-belgrad-forest-residence-in-kagithane/,"Apartments | Residential","Citizenship | Project","City Centre","Istanbul | Kagithane","Forest views property for sale in Northern Istanbul | Istanbul Investment property for sale | Property for sale in Istanbul City Centre"
49941,"Investment apartments in rapidly growing Maltepe",investment-apartments-in-rapidly-growing-maltepe,https://www.peraproperty.com/property/investment-apartments-in-rapidly-growing-maltepe/,"Apartments | Residential",Resales,Anatolia,Maltepe,"Forest views property for sale in Northern Istanbul | Istanbul Investment property for sale | Istanbul Sea views for sale | Key ready apartments for sale in Istanbul"
50983,"Investment apartments in world famous Topkapi",modern-apartments-for-sale-in-topkapi-istanbul-with-facilities,https://www.peraproperty.com/property/modern-apartments-for-sale-in-topkapi-istanbul-with-facilities/,"Apartments | Residential","Citizenship | Project","City Centre","Istanbul | Zeytinburnu","Istanbul Investment property for sale | Property for sale in Istanbul City Centre"
51022,"Marriot branded residence in elite Sariyer",marriot-branded-residence-in-elite-sariyer,https://www.peraproperty.com/property/marriot-branded-residence-in-elite-sariyer/,"Apartments | Residential","Project | Special offer",Bosphorus,"Istanbul | Sariyer","Bosphorous views | Forest views property for sale in Northern Istanbul | Istanbul Investment property for sale | Istanbul Sea views for sale"
51372,"Boutique low-rise project in the heart of Şişli",boutique-low-rise-project-in-the-heart-of-sisli,https://www.peraproperty.com/property/boutique-low-rise-project-in-the-heart-of-sisli/,"Apartments | Residential","Citizenship | Project | Special offer","City Centre","Istanbul | Sisli","Istanbul Investment property for sale | Luxury Property for Sale in Istanbul | Property for sale in Istanbul City Centre"
51417,"A new landmark apartment residence for central Sisli Istanbul",modern-apartments-for-sale-in-sisli,https://www.peraproperty.com/property/modern-apartments-for-sale-in-sisli/,"Apartments | Residential","Citizenship | Project","City Centre","Istanbul | Sisli","Istanbul Investment property for sale | Property for sale in Istanbul City Centre"
51531,"Premium Forest Living in Istanbul’s Silicon Valley",forest-living-in-istanbuls-silicon-valley,https://www.peraproperty.com/property/forest-living-in-istanbuls-silicon-valley/,"Apartments | Residential",Project,Maslak,"Istanbul | Kagithane","Forest views property for sale in Northern Istanbul | Istanbul Investment property for sale | Luxury Property for Sale in Istanbul"
51570,"Modern Residences in Elite Kadikoy",modern-residences-in-elite-kadikoy,https://www.peraproperty.com/property/modern-residences-in-elite-kadikoy/,"Apartments | Residential",Resales,Anatolia,"Istanbul | Kadikoy","Istanbul Investment property for sale | Property for sale in Istanbul City Centre | Property for sale near Bagdat Avenue, Istanbul"
51706,"Luxury Apartments in Elite Levent",luxury-apartments-in-elite-levent,https://www.peraproperty.com/property/luxury-apartments-in-elite-levent/,"Apartments | Residential",Project,"City Centre","Besiktas | Istanbul","Luxury Property for Sale in Istanbul | Property for sale in Istanbul City Centre"
51723,"Family Oriented Apartments in Zeytinburnu",family-oriented-apartments-in-zeytinburnu,https://www.peraproperty.com/property/family-oriented-apartments-in-zeytinburnu/,"Apartments | Residential",Project,"Central Coast","Istanbul | Zeytinburnu","Istanbul Investment property for sale | Property for sale near Old City Istanbul"
51889,"Exclusive Istanbul Apartments for Sale Near Historic Fatih",exclusive-istanbul-apartments-for-sale-near-historic-fatih,https://www.peraproperty.com/property/exclusive-istanbul-apartments-for-sale-near-historic-fatih/,"Apartments | Residential",Project,"Old City","Istanbul | Zeytinburnu","Istanbul Investment property for sale | Luxury Property for Sale in Istanbul | Property for sale near Old City Istanbul"
51929,"Family Residential Apartments in Atakent",premier-residential-apartments-in-atakent,https://www.peraproperty.com/property/premier-residential-apartments-in-atakent/,"Apartments | Residential","Citizenship | Project","Media Highway","Istanbul | Kucukcekmece","Istanbul Investment property for sale"
52186,"A boutique investment project in Kagithane",a-boutique-investment-project-kagithane,https://www.peraproperty.com/property/a-boutique-investment-project-kagithane/,"Apartments | Residential","Resales | Special offer","Golden Horn","Istanbul | Kagithane","Istanbul Investment property for sale"
52813,"Exclusive Apartment with Panoramic Bosphorus Views from a Luxury Skyscraper in Besiktas",luxurious-skyscraper-apartments-in-besiktas,https://www.peraproperty.com/property/luxurious-skyscraper-apartments-in-besiktas/,"Apartments | Residential","Citizenship | Project","City Centre","Besiktas | Istanbul","Bosphorous views | Istanbul Sea views for sale | Key ready apartments for sale in Istanbul | Luxury Property for Sale in Istanbul | Property for sale in Istanbul City Centre"
53550,"Affordable Lake and Sea View Apartments in Kucukcekmece",affordable-lake-and-sea-view-apartments-in-kucukcekmece,https://www.peraproperty.com/property/affordable-lake-and-sea-view-apartments-in-kucukcekmece/,"Apartments | Residential",Resales,"Media Highway",Kucukcekmece,"Istanbul Investment property for sale | Istanbul Lake views apartments for sale | Istanbul Sea views for sale"
54480,"3 bed flat in world famous Besiktas, near world famous landmarks",3-bed-flat-in-world-famous-besiktas-near-world-famous-landmarks,https://www.peraproperty.com/property/3-bed-flat-in-world-famous-besiktas-near-world-famous-landmarks/,"Apartments | Residential",Resales,"City Centre","Besiktas | Istanbul","Bosphorous views | Istanbul Investment property for sale | Istanbul Sea views for sale | Property for sale in Istanbul City Centre"
54770,"Modern Homes with Stunning Lake Views in Halkali Istanbul",modern-homes-with-stunning-lake-views-in-halkali-istanbul-54770-2,https://www.peraproperty.com/property/modern-homes-with-stunning-lake-views-in-halkali-istanbul-54770-2/,"Apartments | Residential","Citizenship | Project","Media Highway","Istanbul | Kucukcekmece","Istanbul Investment property for sale | Istanbul Lake views apartments for sale | Istanbul Sea views for sale"
54822,"Luxury Forest-View Residences in Maslak",luxury-forest-view-residences-in-maslak-54822-2,https://www.peraproperty.com/property/luxury-forest-view-residences-in-maslak-54822-2/,"Apartments | Residential",Project,Maslak,"Istanbul | Sariyer","Forest views property for sale in Northern Istanbul | Istanbul Investment property for sale | Luxury Property for Sale in Istanbul"
54848,"Modern Waterfront Residences on a huge Golden Horn Campus",modern-waterfront-residences-on-a-huge-golden-horn-campus-54848-2,https://www.peraproperty.com/property/modern-waterfront-residences-on-a-huge-golden-horn-campus-54848-2/,"Apartments | Residential",Project,"Golden Horn","Eyup | Istanbul","Golden Horn Istanbul Property for sale | Property for sale in Istanbul City Centre"
54872,"Sariyer Lifestyle apartment Surrounded by Nature and Comfort",sariyer-lifestyle-apartment-surrounded-by-nature-and-comfort,https://www.peraproperty.com/property/sariyer-lifestyle-apartment-surrounded-by-nature-and-comfort/,"Apartments | Residential",Resales,Bosphorus,Sariyer,"Bosphorous views | Forest views property for sale in Northern Istanbul | Istanbul Sea views for sale | Luxury Property for Sale in Istanbul"
55381,"Spacious Duplex Apartments in world famous Besiktas",xl-apartment-in-world-famous-besiktas,https://www.peraproperty.com/property/xl-apartment-in-world-famous-besiktas/,"Apartments | Residential",Resales,"City Centre","Besiktas | Istanbul","Bosphorous views | Istanbul Investment property for sale | Istanbul Sea views for sale | Property for sale in Istanbul City Centre"
55731,"Kucukcekmece lake view apartment residence",kucukcekmece-lake-view-apartment-residence-2,https://www.peraproperty.com/property/kucukcekmece-lake-view-apartment-residence-2/,"Apartments | Residential","Citizenship | Project","Media Highway","Istanbul | Kucukcekmece","Istanbul Lake views apartments for sale"
55753,"A unique apartment compound in old city Zeytinburnu",two-bed-apartments-in-old-city-zeytinburnu,https://www.peraproperty.com/property/two-bed-apartments-in-old-city-zeytinburnu/,"Apartments | Residential",Project,"Old City","Istanbul | Zeytinburnu","Istanbul Investment property for sale | Key ready apartments for sale in Istanbul | Property for sale near Old City Istanbul"
55766,"Modern Residences in One of Istanbul’s Most Established Neighbourhoods",modern-residences-in-one-of-istanbuls-most-established-neighbourhoods,https://www.peraproperty.com/property/modern-residences-in-one-of-istanbuls-most-established-neighbourhoods/,"Apartments | Residential",Project,Anatolia,"Istanbul | Uskudar","Key ready apartments for sale in Istanbul"
55833,"Smart Family Homes in a Landmark compound with metro",3-bed-family-homes-in-a-landmark-project-with-metro,https://www.peraproperty.com/property/3-bed-family-homes-in-a-landmark-project-with-metro/,"Apartments | Residential",Project,"Media Highway","Bagcilar | Istanbul","Key ready apartments for sale in Istanbul"
55861,"Contemporary Apartments in Historic Topkapı",contemporary-2-bed-apartments-in-historic-topkapi,https://www.peraproperty.com/property/contemporary-2-bed-apartments-in-historic-topkapi/,"Apartments | Residential","Citizenship | Project","City Centre","Eyup | Istanbul","Golden Horn Istanbul Property for sale | Istanbul Investment property for sale | Key ready apartments for sale in Istanbul | Property for sale in Istanbul City Centre"
55890,"Old city Istanbul apartments with facilities",old-city-istanbul-apartments-with-facilities-55890-2,https://www.peraproperty.com/property/old-city-istanbul-apartments-with-facilities-55890-2/,"Apartments | Residential",Project,"Old City",Zeytinburnu,"Istanbul Sea views for sale | Key ready apartments for sale in Istanbul | Property for sale near Old City Istanbul"
55912,"Luxury Residences for Sale in Maslak, Istanbul",luxury-residences-for-sale-in-maslak-istanbul,https://www.peraproperty.com/property/luxury-residences-for-sale-in-maslak-istanbul/,"Apartments | Residential","Citizenship | Project",Maslak,"Istanbul | Sariyer","Bosphorous views | Istanbul Investment property for sale | Istanbul Sea views for sale | Property for sale in Istanbul City Centre"
55984,"Immaculate Bosphorus view apartments in Sariyer Istanbul",immaculate-bosphorus-view-apartments-in-sariyer-istanbulimmaculate-bosphorus-view-villas-in-sariyer-istanbul,https://www.peraproperty.com/property/immaculate-bosphorus-view-apartments-in-sariyer-istanbulimmaculate-bosphorus-view-villas-in-sariyer-istanbul/,"Apartments | Residential",Resales,Bosphorus,"Istanbul | Sariyer","Bosphorous views | Forest views property for sale in Northern Istanbul | Istanbul Sea views for sale | Key ready apartments for sale in Istanbul | Luxury Property for Sale in Istanbul"
56011,"Boutique apartment compound in peaceful Beykoz",boutique-apartment-compound-in-peaceful-beykoz,https://www.peraproperty.com/property/boutique-apartment-compound-in-peaceful-beykoz/,"Apartments | Residential","Project | Special offer",Bosphorus,"Beykoz | Istanbul","Forest views property for sale in Northern Istanbul | Istanbul Investment property for sale"
56045,"Luxury apartments in elite Etiler",luxury-apartments-in-elite-etiler,https://www.peraproperty.com/property/luxury-apartments-in-elite-etiler/,"Apartments | Residential","Citizenship | Project | Special offer",Bosphorus,"Istanbul | Sariyer","Bosphorous views | Istanbul Sea views for sale | Luxury Property for Sale in Istanbul"
56063,"An apartment compound walking distance to the metro in G.Pasa",an-apartment-compound-walking-distance-to-the-metro-in-g-pasa-56063-2,https://www.peraproperty.com/property/an-apartment-compound-walking-distance-to-the-metro-in-g-pasa-56063-2/,"Apartments | Residential",Project,"Golden Horn","Gaziosmanpasa | Istanbul","Golden Horn Istanbul Property for sale | Istanbul Investment property for sale"
56090,"Practical apartments near the lake of Kucukcekmece",practical-apartments-near-the-lake-of-kucukcekmece-56090-2,https://www.peraproperty.com/property/practical-apartments-near-the-lake-of-kucukcekmece-56090-2/,"Apartments | Residential",Project,"Media Highway","Istanbul | Kucukcekmece","Istanbul Investment property for sale"
56250,"Stunning apartments in elite Sariyer - Istinye",3-stunning-apartments-in-elite-sariyer-istinye-56250-2,https://www.peraproperty.com/property/3-stunning-apartments-in-elite-sariyer-istinye-56250-2/,"Apartments | Residential",Project,Bosphorus,"Istanbul | Sariyer","Forest views property for sale in Northern Istanbul | Luxury Property for Sale in Istanbul"
56251,"Unique apartments in Taksim Beyoglu",unique-apartments-in-taksim-beyoglu-56251-2,https://www.peraproperty.com/property/unique-apartments-in-taksim-beyoglu-56251-2/,"Apartments | Residential",Project,"City Centre","Beyoglu | Istanbul","Key ready apartments for sale in Istanbul | Property for sale in Istanbul City Centre"
56288,"A rare residence in middle class Florya",a-rare-residence-in-middle-class-florya-56288-2,https://www.peraproperty.com/property/a-rare-residence-in-middle-class-florya-56288-2/,"Apartments | Residential",Project,"Central Coast","Bakirkoy | Istanbul","Luxury Property for Sale in Istanbul"
56324,"Premium compound in Istanbul's traditional Bahcelievler",premium-compound-in-istanbuls-traditional-bahcelievler,https://www.peraproperty.com/property/premium-compound-in-istanbuls-traditional-bahcelievler/,"Apartments | Residential",Project,"Central Coast","Bahcelievler | Istanbul","Key ready apartments for sale in Istanbul"
58386,"Forest view residence in elite Maslak",forest-view-residence-in-elite-maslak-58386-2,https://www.peraproperty.com/property/forest-view-residence-in-elite-maslak-58386-2/,"Apartments | Residential","Citizenship | Project",Maslak,"Istanbul | Sariyer","Forest views property for sale in Northern Istanbul | Istanbul Investment property for sale | Luxury Property for Sale in Istanbul | Property for sale in Istanbul City Centre"
58402,"Boutique Serviced Apartments in Istanbul’s Yeni Levent District",boutique-serviced-apartments-in-istanbuls-yeni-levent-district-58402-2,https://www.peraproperty.com/property/boutique-serviced-apartments-in-istanbuls-yeni-levent-district-58402-2/,"Apartments | Residential","Citizenship | Project",Maslak,"Istanbul | Sariyer","Istanbul Investment property for sale | Key ready apartments for sale in Istanbul"
58419,"Luxury Residences in Etiler",mixed-use-residential-towers-in-etiler,https://www.peraproperty.com/property/mixed-use-residential-towers-in-etiler/,"Apartments | Residential","Citizenship | Project",Bosphorus,"Besiktas | Istanbul","Bosphorous views | Istanbul Investment property for sale | Istanbul Sea views for sale | Luxury Property for Sale in Istanbul | Property for sale in Istanbul City Centre"
58487,"Prince's island view luxury apartments in world famous Baghdad avenue",princes-island-view-luxury-apartments-in-world-famous-baghdad-avenue,https://www.peraproperty.com/property/princes-island-view-luxury-apartments-in-world-famous-baghdad-avenue/,"Apartments | Residential",Project,Anatolia,"Istanbul | Kadikoy","Property for sale near Bagdat Avenue, Istanbul"
58500,"Modern Apartments for Sale in Fikirtepe Kadıköy",modern-apartments-for-sale-in-fikirtepe-kadikoy,https://www.peraproperty.com/property/modern-apartments-for-sale-in-fikirtepe-kadikoy/,"Apartments | Residential",Project,Anatolia,"Istanbul | Kadikoy","Key ready apartments for sale in Istanbul | Property for sale near Bagdat Avenue, Istanbul"
58501,"Modern Sea View Apartments for Sale in Atasehir Istanbul",modern-sea-view-apartments-for-sale-in-atasehir-istanbul,https://www.peraproperty.com/property/modern-sea-view-apartments-for-sale-in-atasehir-istanbul/,"Apartments | Residential",Project,Anatolia,"Atasehir | Istanbul","Key ready apartments for sale in Istanbul"
58545,"Luxury Apartments in single storey building in Zeytinburnu Istanbul",luxury-apartments-in-single-storey-building-in-zeytinburnu-istanbul,https://www.peraproperty.com/property/luxury-apartments-in-single-storey-building-in-zeytinburnu-istanbul/,"Apartments | Residential",Project,"Central Coast","Istanbul | Zeytinburnu","Istanbul Investment property for sale | Property for sale in Istanbul City Centre"
58663,"Investment apartments at the transport crossroad of Istanbul",investment-apartments-at-the-transport-crossroad-of-istanbul,https://www.peraproperty.com/property/investment-apartments-at-the-transport-crossroad-of-istanbul/,"Apartments | Residential","Citizenship | Project","Media Highway","Bagcilar | Istanbul","Key ready apartments for sale in Istanbul"
58755,"Modern Private Villas with Gardens in Istanbul",modern-private-villas-with-gardens-in-istanbul,https://www.peraproperty.com/property/modern-private-villas-with-gardens-in-istanbul/,"Residential | Villas","Project | Special offer","West Istanbul","Buyukcekmece | Istanbul","Istanbul Villas for sale"
59052,"2 Bedroom Apartment for Sale in Vişnezade, Beşiktaş",fully-furnished-2-bedroom-apartment-for-sale-in-visnezade-besiktas,https://www.peraproperty.com/property/fully-furnished-2-bedroom-apartment-for-sale-in-visnezade-besiktas/,"Apartments | Residential","Citizenship | Resales","City Centre","Besiktas | Istanbul","Key ready apartments for sale in Istanbul | Property for sale in Istanbul City Centre | Property for sale near Old City Istanbul"
59401,"Modern Apartments for Sale Near Istanbul Financial Centre",modern-apartments-for-sale-near-istanbul-financial-centre,https://www.peraproperty.com/property/modern-apartments-for-sale-near-istanbul-financial-centre/,"Apartments | Residential","Citizenship | Project",Anatolia,"Istanbul | Umraniye","Istanbul Investment property for sale | Key ready apartments for sale in Istanbul"
59415,"Sea View Apartments for Sale in Kartal, Istanbul",sea-view-apartments-for-sale-in-kartal-istanbul,https://www.peraproperty.com/property/sea-view-apartments-for-sale-in-kartal-istanbul/,"Apartments | Residential","Citizenship | Project",Anatolia,"Istanbul | Kartal","Istanbul Investment property for sale | Istanbul Sea views for sale"
59432,"Apartments for Sale in Erenköy Near Bağdat Avenue",apartments-for-sale-in-erenkoy-near-bagdat-avenue,https://www.peraproperty.com/property/apartments-for-sale-in-erenkoy-near-bagdat-avenue/,"Apartments | Residential","Citizenship | Project",Anatolia,"Istanbul | Kadikoy","Istanbul Investment property for sale | Property for sale near Bagdat Avenue, Istanbul"
59471,"Kağıthane Apartments for Sale | Modern Property Near M7 & M11 Metro",kagithane-apartments-for-sale-modern-property-near-m7-m11-metro,https://www.peraproperty.com/property/kagithane-apartments-for-sale-modern-property-near-m7-m11-metro/,"Apartments | Residential","Citizenship | Project","Golden Horn","Istanbul | Kagithane","Istanbul Investment property for sale"
59791,"New Build Apartments for Sale in Topkapi, Istanbul",new-build-apartments-for-sale-in-topkapi-istanbul-59791-2,https://www.peraproperty.com/property/new-build-apartments-for-sale-in-topkapi-istanbul-59791-2/,"Apartments | Residential","Citizenship | Project","City Centre","Istanbul | Zeytinburnu","Istanbul Investment property for sale | Property for sale in Istanbul City Centre"
59805,"Panoramic Bosphorus Living Surrounded by Nature in Beykoz",panoramic-bosphorus-living-surrounded-by-nature-in-beykoz,https://www.peraproperty.com/property/panoramic-bosphorus-living-surrounded-by-nature-in-beykoz/,"Apartments | Residential",Project,Bosphorus,"Beykoz | Istanbul","Bosphorous views | Istanbul Investment property for sale | Luxury Property for Sale in Istanbul"
59827,"Sunlit Balcony Apartments Steps from the Metro in Basın Ekspres",sunlit-balcony-apartments-steps-from-the-metro-in-basin-ekspres,https://www.peraproperty.com/property/sunlit-balcony-apartments-steps-from-the-metro-in-basin-ekspres/,"Apartments | Residential","Citizenship | Project","Media Highway","Bagcilar | Istanbul","Istanbul Investment property for sale"
59850,"Tenanted Luxury Residence for Sale in Central Fulya",tenanted-luxury-residence-for-sale-in-central-fulya,https://www.peraproperty.com/property/tenanted-luxury-residence-for-sale-in-central-fulya/,"Apartments | Residential","Citizenship | Resales","City Centre","Besiktas | Istanbul","Key ready apartments for sale in Istanbul | Luxury Property for Sale in Istanbul | Property for sale in Istanbul City Centre"
59858,"Finance district Apartments in Central Umraniye",finance-district-apartments-in-umraniye,https://www.peraproperty.com/property/finance-district-apartments-in-umraniye/,"Apartments | Residential","Citizenship | Project",Anatolia,"Istanbul | Umraniye","Istanbul Investment property for sale | Property for sale near Bagdat Avenue, Istanbul"
59888,"Family Apartments with Extensive Green Space in Kadıköy",family-apartments-with-extensive-green-space-in-kadikoy,https://www.peraproperty.com/property/family-apartments-with-extensive-green-space-in-kadikoy/,"Apartments | Residential","Citizenship | Project","City Centre","Istanbul | Kadikoy","Istanbul Investment property for sale | Property for sale in Istanbul City Centre"
59943,"Modern Apartments with Private Facilities in Kağıthane",modern-apartments-with-private-facilities-in-kagithane,https://www.peraproperty.com/property/modern-apartments-with-private-facilities-in-kagithane/,"Apartments | Residential","Citizenship | Project","Golden Horn","Istanbul | Kagithane","Golden Horn Istanbul Property for sale | Istanbul Investment property for sale"
59972,"Spacious Coastal Apartments with Marmaray Access in Kartal",spacious-coastal-apartments-with-marmaray-access-in-kartal,https://www.peraproperty.com/property/spacious-coastal-apartments-with-marmaray-access-in-kartal/,"Apartments | Residential","Citizenship | Project",Anatolia,"Istanbul | Kartal",
59973,"Resale apartment in the famous Bomonti Rotana complex",resale-apartment-in-the-famous-bomonti-rotana-complex,https://www.peraproperty.com/property/resale-apartment-in-the-famous-bomonti-rotana-complex/,"Apartments | Residential",Resales,"City Centre","Istanbul | Sisli","Istanbul Investment property for sale | Key ready apartments for sale in Istanbul | Luxury Property for Sale in Istanbul | Property for sale in Istanbul City Centre"
60015,"Boutique Apartments with Rooftop Living near Maslak",boutique-apartments-with-rooftop-living-near-maslak,https://www.peraproperty.com/property/boutique-apartments-with-rooftop-living-near-maslak/,"Apartments | Residential","Citizenship | Project",Maslak,"Istanbul | Sariyer","Forest views property for sale in Northern Istanbul | Istanbul Investment property for sale | Property for sale in Istanbul City Centre"
